https://images.pexels.com/photos/3708717/pexels-photo-3708717.jpeg?auto=compress&cs=tinysrgb&dpr=1&w=500,No
https://images.pexels.com/photos/2560900/pexels-photo-2560900.jpeg?auto=compress&cs=tinysrgb&dpr=1&w=500,No
https://images.pexels.com/photos/4099106/pexels-photo-4099106.jpeg?auto=compress&cs=tinysrgb&dpr=1&w=500,No
https://images.pexels.com/photos/4505178/pexels-photo-4505178.jpeg?auto=compress&cs=tinysrgb&dpr=1&w=500,No
https://images.pexels.com/photos/1078058/pexels-photo-1078058.jpeg?auto=compress&cs=tinysrgb&dpr=1&w=500,No
https://images.pexels.com/photos/4132362/pexels-photo-4132362.jpeg?auto=compress&cs=tinysrgb&dpr=1&w=500,No
https://images.pexels.com/photos/4099105/pexels-photo-4099105.jpeg?auto=compress&cs=tinysrgb&dpr=1&w=500,No
https://images.pexels.com/photos/4530530/pexels-photo-4530530.jpeg?auto=compress&cs=tinysrgb&dpr=1&w=500,No
https://images.pexels.com/photos/1684004/pexels-photo-1684004.jpeg?auto=compress&cs=tinysrgb&dpr=1&w=500,No
https://images.pexels.com/photos/2987081/pexels-photo-2987081.jpeg?auto=compress&cs=tinysrgb&dpr=1&w=500,No
https://images.pexels.com/photos/2523644/pexels-photo-2523644.jpeg?auto=compress&cs=tinysrgb&dpr=1&w=500,No
https://images.pexels.com/photos/3094208/pexels-photo-3094208.jpeg?auto=compress&cs=tinysrgb&dpr=1&w=500,No
https://images.pexels.com/photos/4652192/pexels-photo-4652192.jpeg?auto=compress&cs=tinysrgb&dpr=1&w=500,No
https://images.pexels.com/photos/59599/pexels-photo-59599.jpeg?auto=compress&cs=tinysrgb&dpr=1&w=500,No
https://images.pexels.com/photos/59321/pexels-photo-59321.jpeg?auto=compress&cs=tinysrgb&dpr=1&w=500,No
https://images.pexels.com/photos/5808/food-healthy-vegetables-village.jpg?auto=compress&cs=tinysrgb&dpr=1&w=500,No
https://images.pexels.com/photos/805452/pexels-photo-805452.jpeg?auto=compress&cs=tinysrgb&dpr=1&w=500,No
https://images.pexels.com/photos/257360/pexels-photo-257360.jpeg?auto=compress&cs=tinysrgb&dpr=1&w=500,No
https://images.pexels.com/photos/130154/pexels-photo-130154.jpeg?auto=compress&cs=tinysrgb&dpr=1&w=500,No
https://images.pexels.com/photos/1301856/pexels-photo-1301856.jpeg?auto=compress&cs=tinysrgb&dpr=1&w=500,No
https://images.pexels.com/photos/255441/pexels-photo-255441.jpeg?auto=compress&cs=tinysrgb&dpr=1&w=500,No
https://images.pexels.com/photos/35847/summer-still-life-daisies-yellow.jpg?auto=compress&cs=tinysrgb&dpr=1&w=500,No
https://images.pexels.com/photos/2132227/pexels-photo-2132227.jpeg?auto=compress&cs=tinysrgb&dpr=1&w=500,No
https://images.pexels.com/photos/413735/pexels-photo-413735.jpeg?auto=compress&cs=tinysrgb&dpr=1&w=500,No
https://images.pexels.com/photos/6427/rucola-salad-plant-leaf.jpg?auto=compress&cs=tinysrgb&dpr=1&w=500,No
https://images.pexels.com/photos/409696/pexels-photo-409696.jpeg?auto=compress&cs=tinysrgb&dpr=1&w=500,No
https://images.pexels.com/photos/1914823/pexels-photo-1914823.jpeg?auto=compress&cs=tinysrgb&dpr=1&w=500,No
https://images.pexels.com/photos/1023236/pexels-photo-1023236.jpeg?auto=compress&cs=tinysrgb&dpr=1&w=500,No
https://images.pexels.com/photos/2224956/pexels-photo-2224956.jpeg?auto=compress&cs=tinysrgb&dpr=1&w=500,No
https://images.pexels.com/photos/460775/pexels-photo-460775.jpeg?auto=compress&cs=tinysrgb&dpr=1&w=500,No
https://images.pexels.com/photos/3708717/pexels-photo-3708717.jpeg?auto=compress&cs=tinysrgb&dpr=1&w=500,No
https://images.pexels.com/photos/4207910/pexels-photo-4207910.jpeg?auto=compress&cs=tinysrgb&dpr=1&w=500,No
https://images.pexels.com/photos/2565222/pexels-photo-2565222.jpeg?auto=compress&cs=tinysrgb&dpr=1&w=500,No
https://images.pexels.com/photos/1078058/pexels-photo-1078058.jpeg?auto=compress&cs=tinysrgb&dpr=1&w=500,No
https://images.pexels.com/photos/4099105/pexels-photo-4099105.jpeg?auto=compress&cs=tinysrgb&dpr=1&w=500,No
https://images.pexels.com/photos/4505171/pexels-photo-4505171.jpeg?auto=compress&cs=tinysrgb&dpr=1&w=500,No
https://images.pexels.com/photos/2987081/pexels-photo-2987081.jpeg?auto=compress&cs=tinysrgb&dpr=1&w=500,No
https://images.pexels.com/photos/2949140/pexels-photo-2949140.jpeg?auto=compress&cs=tinysrgb&dpr=1&w=500,No
https://images.pexels.com/photos/4558316/pexels-photo-4558316.jpeg?auto=compress&cs=tinysrgb&dpr=1&w=500,No
https://images.pexels.com/photos/59599/pexels-photo-59599.jpeg?auto=compress&cs=tinysrgb&dpr=1&w=500,No
https://images.pexels.com/photos/59321/pexels-photo-59321.jpeg?auto=compress&cs=tinysrgb&dpr=1&w=500,No
https://images.pexels.com/photos/208421/pexels-photo-208421.jpeg?auto=compress&cs=tinysrgb&dpr=1&w=500,No
https://images.pexels.com/photos/381739/pexels-photo-381739.jpeg?auto=compress&cs=tinysrgb&dpr=1&w=500,No
https://images.pexels.com/photos/257360/pexels-photo-257360.jpeg?auto=compress&cs=tinysrgb&dpr=1&w=500,No
https://images.pexels.com/photos/145685/pexels-photo-145685.jpeg?auto=compress&cs=tinysrgb&dpr=1&w=500,No
https://images.pexels.com/photos/7283/garden.jpg?auto=compress&cs=tinysrgb&dpr=1&w=500,No
https://images.pexels.com/photos/1029021/pexels-photo-1029021.jpeg?auto=compress&cs=tinysrgb&dpr=1&w=500,No
https://images.pexels.com/photos/212324/pexels-photo-212324.jpeg?auto=compress&cs=tinysrgb&dpr=1&w=500,No
https://images.pexels.com/photos/5808/food-healthy-vegetables-village.jpg?auto=compress&cs=tinysrgb&dpr=1&w=500,No
https://images.pexels.com/photos/226407/pexels-photo-226407.jpeg?auto=compress&cs=tinysrgb&dpr=1&w=500,No
https://images.pexels.com/photos/1301856/pexels-photo-1301856.jpeg?auto=compress&cs=tinysrgb&dpr=1&w=500,No
https://images.pexels.com/photos/147640/pexels-photo-147640.jpeg?auto=compress&cs=tinysrgb&dpr=1&w=500,No
https://images.pexels.com/photos/147640/pexels-photo-147640.jpeg?auto=compress&cs=tinysrgb&dpr=1&w=500,No
https://images.pexels.com/photos/407083/vienna-belvedere-wien-schloss-407083.jpeg?auto=compress&cs=tinysrgb&dpr=1&w=500,No
https://images.pexels.com/photos/424154/pexels-photo-424154.jpeg?auto=compress&cs=tinysrgb&dpr=1&w=500,No
https://images.pexels.com/photos/6427/rucola-salad-plant-leaf.jpg?auto=compress&cs=tinysrgb&dpr=1&w=500,No
https://images.pexels.com/photos/1145257/pexels-photo-1145257.jpeg?auto=compress&cs=tinysrgb&dpr=1&w=500,No
https://images.pexels.com/photos/409696/pexels-photo-409696.jpeg?auto=compress&cs=tinysrgb&dpr=1&w=500,No
https://images.pexels.com/photos/589697/pexels-photo-589697.jpeg?auto=compress&cs=tinysrgb&dpr=1&w=500,No
https://images.pexels.com/photos/2122/garden-path-way-park.jpg?auto=compress&cs=tinysrgb&dpr=1&w=500,No
https://images.pexels.com/photos/326055/pexels-photo-326055.jpeg?auto=compress&cs=tinysrgb&dpr=1&w=500,No
https://images.pexels.com/photos/259588/pexels-photo-259588.jpeg?auto=compress&cs=tinysrgb&dpr=1&w=500,No
https://images.pexels.com/photos/2224956/pexels-photo-2224956.jpeg?auto=compress&cs=tinysrgb&dpr=1&w=500,No
https://images.pexels.com/photos/772429/pexels-photo-772429.jpeg?auto=compress&cs=tinysrgb&dpr=1&w=500,No
https://images.pexels.com/photos/733205/pexels-photo-733205.jpeg?auto=compress&cs=tinysrgb&dpr=1&w=500,No
https://images.pexels.com/photos/13975/pexels-photo-13975.jpeg?auto=compress&cs=tinysrgb&dpr=1&w=500,No
https://images.pexels.com/photos/698907/pexels-photo-698907.jpeg?auto=compress&cs=tinysrgb&dpr=1&w=500,No
https://images.pexels.com/photos/1187079/pexels-photo-1187079.jpeg?auto=compress&cs=tinysrgb&dpr=1&w=500,No
https://images.pexels.com/photos/1883385/pexels-photo-1883385.jpeg?auto=compress&cs=tinysrgb&dpr=1&w=500,No
https://images.pexels.com/photos/1212053/pexels-photo-1212053.jpeg?auto=compress&cs=tinysrgb&dpr=1&w=500,No
https://images.pexels.com/photos/1732411/pexels-photo-1732411.jpeg?auto=compress&cs=tinysrgb&dpr=1&w=500,No
https://images.pexels.com/photos/3708717/pexels-photo-3708717.jpeg?auto=compress&cs=tinysrgb&dpr=1&w=500,No
https://images.pexels.com/photos/4207910/pexels-photo-4207910.jpeg?auto=compress&cs=tinysrgb&dpr=1&w=500,No
https://images.pexels.com/photos/2565222/pexels-photo-2565222.jpeg?auto=compress&cs=tinysrgb&dpr=1&w=500,No
https://images.pexels.com/photos/1078058/pexels-photo-1078058.jpeg?auto=compress&cs=tinysrgb&dpr=1&w=500,No
https://images.pexels.com/photos/4099105/pexels-photo-4099105.jpeg?auto=compress&cs=tinysrgb&dpr=1&w=500,No
https://images.pexels.com/photos/4505171/pexels-photo-4505171.jpeg?auto=compress&cs=tinysrgb&dpr=1&w=500,No
https://images.pexels.com/photos/2987081/pexels-photo-2987081.jpeg?auto=compress&cs=tinysrgb&dpr=1&w=500,No
https://images.pexels.com/photos/3708717/pexels-photo-3708717.jpeg?auto=compress&cs=tinysrgb&dpr=1&w=500,No
https://images.pexels.com/photos/4207910/pexels-photo-4207910.jpeg?auto=compress&cs=tinysrgb&dpr=1&w=500,No
https://images.pexels.com/photos/2565222/pexels-photo-2565222.jpeg?auto=compress&cs=tinysrgb&dpr=1&w=500,No
https://images.pexels.com/photos/1078058/pexels-photo-1078058.jpeg?auto=compress&cs=tinysrgb&dpr=1&w=500,No
https://images.pexels.com/photos/4099105/pexels-photo-4099105.jpeg?auto=compress&cs=tinysrgb&dpr=1&w=500,No
https://images.pexels.com/photos/4505171/pexels-photo-4505171.jpeg?auto=compress&cs=tinysrgb&dpr=1&w=500,No
https://images.pexels.com/photos/2987081/pexels-photo-2987081.jpeg?auto=compress&cs=tinysrgb&dpr=1&w=500,No
https://images.pexels.com/photos/2949140/pexels-photo-2949140.jpeg?auto=compress&cs=tinysrgb&dpr=1&w=500,No
https://images.pexels.com/photos/4558316/pexels-photo-4558316.jpeg?auto=compress&cs=tinysrgb&dpr=1&w=500,No
https://images.pexels.com/photos/59599/pexels-photo-59599.jpeg?auto=compress&cs=tinysrgb&dpr=1&w=500,No
https://images.pexels.com/photos/59321/pexels-photo-59321.jpeg?auto=compress&cs=tinysrgb&dpr=1&w=500,No
https://images.pexels.com/photos/208421/pexels-photo-208421.jpeg?auto=compress&cs=tinysrgb&dpr=1&w=500,No
https://images.pexels.com/photos/381739/pexels-photo-381739.jpeg?auto=compress&cs=tinysrgb&dpr=1&w=500,No
https://images.pexels.com/photos/257360/pexels-photo-257360.jpeg?auto=compress&cs=tinysrgb&dpr=1&w=500,No
https://images.pexels.com/photos/145685/pexels-photo-145685.jpeg?auto=compress&cs=tinysrgb&dpr=1&w=500,No
https://images.pexels.com/photos/7283/garden.jpg?auto=compress&cs=tinysrgb&dpr=1&w=500,No
https://images.pexels.com/photos/1029021/pexels-photo-1029021.jpeg?auto=compress&cs=tinysrgb&dpr=1&w=500,No
https://images.pexels.com/photos/212324/pexels-photo-212324.jpeg?auto=compress&cs=tinysrgb&dpr=1&w=500,No
https://images.pexels.com/photos/5808/food-healthy-vegetables-village.jpg?auto=compress&cs=tinysrgb&dpr=1&w=500,No
https://images.pexels.com/photos/226407/pexels-photo-226407.jpeg?auto=compress&cs=tinysrgb&dpr=1&w=500,No
https://images.pexels.com/photos/1301856/pexels-photo-1301856.jpeg?auto=compress&cs=tinysrgb&dpr=1&w=500,No
https://images.pexels.com/photos/147640/pexels-photo-147640.jpeg?auto=compress&cs=tinysrgb&dpr=1&w=500,No
https://images.pexels.com/photos/147640/pexels-photo-147640.jpeg?auto=compress&cs=tinysrgb&dpr=1&w=500,No
https://images.pexels.com/photos/407083/vienna-belvedere-wien-schloss-407083.jpeg?auto=compress&cs=tinysrgb&dpr=1&w=500,No
https://images.pexels.com/photos/424154/pexels-photo-424154.jpeg?auto=compress&cs=tinysrgb&dpr=1&w=500,No
https://images.pexels.com/photos/6427/rucola-salad-plant-leaf.jpg?auto=compress&cs=tinysrgb&dpr=1&w=500,No
https://images.pexels.com/photos/1145257/pexels-photo-1145257.jpeg?auto=compress&cs=tinysrgb&dpr=1&w=500,No
https://images.pexels.com/photos/409696/pexels-photo-409696.jpeg?auto=compress&cs=tinysrgb&dpr=1&w=500,No
https://images.pexels.com/photos/589697/pexels-photo-589697.jpeg?auto=compress&cs=tinysrgb&dpr=1&w=500,No
https://images.pexels.com/photos/2122/garden-path-way-park.jpg?auto=compress&cs=tinysrgb&dpr=1&w=500,No
https://images.pexels.com/photos/326055/pexels-photo-326055.jpeg?auto=compress&cs=tinysrgb&dpr=1&w=500,No
https://images.pexels.com/photos/259588/pexels-photo-259588.jpeg?auto=compress&cs=tinysrgb&dpr=1&w=500,No
https://images.pexels.com/photos/2224956/pexels-photo-2224956.jpeg?auto=compress&cs=tinysrgb&dpr=1&w=500,No
https://images.pexels.com/photos/772429/pexels-photo-772429.jpeg?auto=compress&cs=tinysrgb&dpr=1&w=500,No
https://images.pexels.com/photos/733205/pexels-photo-733205.jpeg?auto=compress&cs=tinysrgb&dpr=1&w=500,No
https://images.pexels.com/photos/13975/pexels-photo-13975.jpeg?auto=compress&cs=tinysrgb&dpr=1&w=500,No
https://images.pexels.com/photos/698907/pexels-photo-698907.jpeg?auto=compress&cs=tinysrgb&dpr=1&w=500,No
https://images.pexels.com/photos/1187079/pexels-photo-1187079.jpeg?auto=compress&cs=tinysrgb&dpr=1&w=500,No
https://images.pexels.com/photos/1883385/pexels-photo-1883385.jpeg?auto=compress&cs=tinysrgb&dpr=1&w=500,No
https://images.pexels.com/photos/1212053/pexels-photo-1212053.jpeg?auto=compress&cs=tinysrgb&dpr=1&w=500,No
https://images.pexels.com/photos/1732411/pexels-photo-1732411.jpeg?auto=compress&cs=tinysrgb&dpr=1&w=500,No
https://hips.hearstapps.com/hmg-prod.s3.amazonaws.com/images/proud-gardener-royalty-free-image-539829042-1555499812.jpg,No
https://images.unsplash.com/photo-1591857177580-dc82b9ac4e1e?ixid=MXwxMjA3fDB8MHxzZWFyY2h8MXx8dmVnZXRhYmxlJTIwZ2FyZGVufGVufDB8fDB8&ixlib=rb-1.2.1&w=1000&q=80,No
https://images.unsplash.com/photo-1523348837708-15d4a09cfac2?ixid=MXwxMjA3fDB8MHxzZWFyY2h8NHx8dmVnZXRhYmxlJTIwZ2FyZGVufGVufDB8fDB8&ixlib=rb-1.2.1&w=1000&q=80,No
https://images.unsplash.com/photo-1515150144380-bca9f1650ed9?ixid=MXwxMjA3fDB8MHxzZWFyY2h8N3x8dmVnZXRhYmxlJTIwZ2FyZGVufGVufDB8fDB8&ixlib=rb-1.2.1&w=1000&q=80,No
https://images.unsplash.com/photo-1601001815853-3835274403b3?ixid=MXwxMjA3fDB8MHxzZWFyY2h8MTN8fHZlZ2V0YWJsZSUyMGdhcmRlbnxlbnwwfHwwfA%3D%3D&ixlib=rb-1.2.1&w=1000&q=80,No
https://images.unsplash.com/photo-1601001816339-74036796370c?ixid=MXwxMjA3fDB8MHxzZWFyY2h8MTR8fHZlZ2V0YWJsZSUyMGdhcmRlbnxlbnwwfHwwfA%3D%3D&ixlib=rb-1.2.1&w=1000&q=80,No
https://images.unsplash.com/photo-1584479898061-15742e14f50d?ixid=MXwxMjA3fDB8MHxzZWFyY2h8Mnx8dmVnZXRhYmxlJTIwZ2FyZGVufGVufDB8fDB8&ixlib=rb-1.2.1&w=1000&q=80,No
https://images.unsplash.com/photo-1516906561371-53f48df1254d?ixid=MXwxMjA3fDB8MHxzZWFyY2h8NXx8dmVnZXRhYmxlJTIwZ2FyZGVufGVufDB8fDB8&ixlib=rb-1.2.1&w=1000&q=80,No
https://images.unsplash.com/photo-1507484467459-0c01be16726e?ixid=MXwxMjA3fDB8MHxzZWFyY2h8OHx8dmVnZXRhYmxlJTIwZ2FyZGVufGVufDB8fDB8&ixlib=rb-1.2.1&w=1000&q=80,No
https://images.unsplash.com/photo-1607529107925-04e67ae44b09?ixid=MXwxMjA3fDB8MHxzZWFyY2h8MTB8fHZlZ2V0YWJsZSUyMGdhcmRlbnxlbnwwfHwwfA%3D%3D&ixlib=rb-1.2.1&w=1000&q=80,No
https://images.unsplash.com/photo-1607952318005-275309170028?ixid=MXwxMjA3fDB8MHxzZWFyY2h8MTV8fHZlZ2V0YWJsZSUyMGdhcmRlbnxlbnwwfHwwfA%3D%3D&ixlib=rb-1.2.1&w=1000&q=80,No
https://images.unsplash.com/photo-1474440692490-2e83ae13ba29?ixid=MXwxMjA3fDB8MHxzZWFyY2h8M3x8dmVnZXRhYmxlJTIwZ2FyZGVufGVufDB8fDB8&ixlib=rb-1.2.1&w=1000&q=80,No
https://images.unsplash.com/photo-1536236010565-78fbb2fb25d5?ixid=MXwxMjA3fDB8MHxzZWFyY2h8Nnx8dmVnZXRhYmxlJTIwZ2FyZGVufGVufDB8fDB8&ixlib=rb-1.2.1&w=1000&q=80,No
https://images.unsplash.com/photo-1508094427028-b1e27931dddb?ixid=MXwxMjA3fDB8MHxzZWFyY2h8OXx8dmVnZXRhYmxlJTIwZ2FyZGVufGVufDB8fDB8&ixlib=rb-1.2.1&w=1000&q=80,No
https://images.unsplash.com/photo-1601001815894-4bb6c81416d7?ixid=MXwxMjA3fDB8MHxzZWFyY2h8MTF8fHZlZ2V0YWJsZSUyMGdhcmRlbnxlbnwwfHwwfA%3D%3D&ixlib=rb-1.2.1&w=1000&q=80,No
https://images.unsplash.com/photo-1492496913980-501348b61469?ixid=MXwxMjA3fDB8MHxzZWFyY2h8MTJ8fHZlZ2V0YWJsZSUyMGdhcmRlbnxlbnwwfHwwfA%3D%3D&ixlib=rb-1.2.1&w=1000&q=80,No
https://images.unsplash.com/flagged/photo-1573722398482-f0853718ba49?ixid=MXwxMjA3fDB8MHxzZWFyY2h8MXx8Z2FyZGVuaW5nfGVufDB8MnwwfA%3D%3D&ixlib=rb-1.2.1&w=1000&q=80,No
https://images.unsplash.com/photo-1444021465936-c6ca81d39b84?ixid=MXwxMjA3fDB8MHxzZWFyY2h8NHx8Z2FyZGVuaW5nfGVufDB8MnwwfA%3D%3D&ixlib=rb-1.2.1&w=1000&q=80,No
https://images.unsplash.com/photo-1605982466374-9ceda9d25c3a?ixid=MXwxMjA3fDB8MHxzZWFyY2h8N3x8Z2FyZGVuaW5nfGVufDB8MnwwfA%3D%3D&ixlib=rb-1.2.1&w=1000&q=80,No
https://images.unsplash.com/photo-1559662780-c3bab6f7e00b?ixid=MXwxMjA3fDB8MHxzZWFyY2h8MTF8fGdhcmRlbmluZ3xlbnwwfDJ8MHw%3D&ixlib=rb-1.2.1&w=1000&q=80,Yes
https://images.unsplash.com/photo-1578381124034-138ec386c334?ixid=MXwxMjA3fDB8MHxzZWFyY2h8Mnx8Z2FyZGVuaW5nfGVufDB8MnwwfA%3D%3D&ixlib=rb-1.2.1&w=1000&q=80,No
https://images.unsplash.com/photo-1444393299901-d5270ace5365?ixid=MXwxMjA3fDB8MHxzZWFyY2h8NXx8Z2FyZGVuaW5nfGVufDB8MnwwfA%3D%3D&ixlib=rb-1.2.1&w=1000&q=80,No
https://images.unsplash.com/photo-1612576410237-c041783e523b?ixid=MXwxMjA3fDB8MHxzZWFyY2h8OHx8Z2FyZGVuaW5nfGVufDB8MnwwfA%3D%3D&ixlib=rb-1.2.1&w=1000&q=80,No
https://images.unsplash.com/photo-1608978251746-b2e92121763a?ixid=MXwxMjA3fDB8MHxzZWFyY2h8MTB8fGdhcmRlbmluZ3xlbnwwfDJ8MHw%3D&ixlib=rb-1.2.1&w=1000&q=80,No
https://images.unsplash.com/photo-1576528352255-4cedbc4273d3?ixid=MXwxMjA3fDB8MHxzZWFyY2h8M3x8Z2FyZGVuaW5nfGVufDB8MnwwfA%3D%3D&ixlib=rb-1.2.1&w=1000&q=80,No
https://images.unsplash.com/photo-1564980295992-288a2237a55c?ixid=MXwxMjA3fDB8MHxzZWFyY2h8Nnx8Z2FyZGVuaW5nfGVufDB8MnwwfA%3D%3D&ixlib=rb-1.2.1&w=1000&q=80,No
https://images.unsplash.com/photo-1528661894674-fbd89cd5bf2a?ixid=MXwxMjA3fDB8MHxzZWFyY2h8OXx8Z2FyZGVuaW5nfGVufDB8MnwwfA%3D%3D&ixlib=rb-1.2.1&w=1000&q=80,No
https://images.unsplash.com/photo-1495908333425-29a1e0918c5f?ixlib=rb-1.2.1&ixid=MXwxMjA3fDB8MHxzZWFyY2h8MXx8cGxhbnRzfGVufDB8MnwwfA%3D%3D&w=1000&q=80,No
https://images.unsplash.com/photo-1575279254577-30330cad2d35?ixid=MXwxMjA3fDB8MHxzZWFyY2h8MTYzfHxwbGFudHN8ZW58MHwyfDB8&ixlib=rb-1.2.1&w=1000&q=80,No
https://images.unsplash.com/photo-1604520024586-5bd4ff0e2d46?ixid=MXwxMjA3fDB8MHxzZWFyY2h8MTY2fHxwbGFudHN8ZW58MHwyfDB8&ixlib=rb-1.2.1&w=1000&q=80,No
https://images.unsplash.com/photo-1574209908880-a2d3caa70f84?ixid=MXwxMjA3fDB8MHxzZWFyY2h8MTY5fHxwbGFudHN8ZW58MHwyfDB8&ixlib=rb-1.2.1&w=1000&q=80,No
https://images.unsplash.com/photo-1579118998212-780bf44a2a3e?ixid=MXwxMjA3fDB8MHxzZWFyY2h8MTcyfHxwbGFudHN8ZW58MHwyfDB8&ixlib=rb-1.2.1&w=1000&q=80,No
https://images.unsplash.com/photo-1582269488282-8f89b0efb909?ixid=MXwxMjA3fDB8MHxzZWFyY2h8MTc1fHxwbGFudHN8ZW58MHwyfDB8&ixlib=rb-1.2.1&w=1000&q=80,No
https://images.unsplash.com/photo-1572065445709-e94f9731882e?ixid=MXwxMjA3fDB8MHxzZWFyY2h8MTc4fHxwbGFudHN8ZW58MHwyfDB8&ixlib=rb-1.2.1&w=1000&q=80,No
https://images.unsplash.com/photo-1590658005167-dcfbf3dce369?ixid=MXwxMjA3fDB8MHxzZWFyY2h8MTgxfHxwbGFudHN8ZW58MHwyfDB8&ixlib=rb-1.2.1&w=1000&q=80,No
https://images.unsplash.com/photo-1605538129896-638659e98c89?ixid=MXwxMjA3fDB8MHxzZWFyY2h8MTg0fHxwbGFudHN8ZW58MHwyfDB8&ixlib=rb-1.2.1&w=1000&q=80,No
https://images.unsplash.com/photo-1504047151359-a8de7d59dca1?ixid=MXwxMjA3fDB8MHxzZWFyY2h8Mnx8cGxhbnRzfGVufDB8MnwwfA%3D%3D&ixlib=rb-1.2.1&w=1000&q=80,No
https://images.unsplash.com/photo-1604489038665-a3333a159174?ixid=MXwxMjA3fDB8MHxzZWFyY2h8MTY1fHxwbGFudHN8ZW58MHwyfDB8&ixlib=rb-1.2.1&w=1000&q=80,No
https://images.unsplash.com/photo-1604377911779-b9a9d96f2c13?ixid=MXwxMjA3fDB8MHxzZWFyY2h8MTY4fHxwbGFudHN8ZW58MHwyfDB8&ixlib=rb-1.2.1&w=1000&q=80,No
https://images.unsplash.com/photo-1589711212498-0a6048cf6c79?ixid=MXwxMjA3fDB8MHxzZWFyY2h8MTcxfHxwbGFudHN8ZW58MHwyfDB8&ixlib=rb-1.2.1&w=1000&q=80,No
https://images.unsplash.com/photo-1590314896666-000bb6b85c2f?ixid=MXwxMjA3fDB8MHxzZWFyY2h8MTc0fHxwbGFudHN8ZW58MHwyfDB8&ixlib=rb-1.2.1&w=1000&q=80,No
https://images.unsplash.com/photo-1605669756073-6679c7789828?ixid=MXwxMjA3fDB8MHxzZWFyY2h8MTc3fHxwbGFudHN8ZW58MHwyfDB8&ixlib=rb-1.2.1&w=1000&q=80,No
https://images.unsplash.com/photo-1610714068962-47a0b4e9b480?ixid=MXwxMjA3fDB8MHxzZWFyY2h8MTgwfHxwbGFudHN8ZW58MHwyfDB8&ixlib=rb-1.2.1&w=1000&q=80,No
https://images.unsplash.com/photo-1526640527559-2fec73225f20?ixid=MXwxMjA3fDB8MHxzZWFyY2h8MTgzfHxwbGFudHN8ZW58MHwyfDB8&ixlib=rb-1.2.1&w=1000&q=80,No
https://images.unsplash.com/photo-1592243364766-eb1bd3a71709?ixid=MXwxMjA3fDB8MHxzZWFyY2h8MTg2fHxwbGFudHN8ZW58MHwyfDB8&ixlib=rb-1.2.1&w=1000&q=80,No
https://images.unsplash.com/photo-1493752603190-08d8b5d1781d?ixid=MXwxMjA3fDB8MHxzZWFyY2h8M3x8cGxhbnRzfGVufDB8MnwwfA%3D%3D&ixlib=rb-1.2.1&w=1000&q=80,No
https://images.unsplash.com/photo-1602548705237-2845bd9fd33e?ixid=MXwxMjA3fDB8MHxzZWFyY2h8MTY0fHxwbGFudHN8ZW58MHwyfDB8&ixlib=rb-1.2.1&w=1000&q=80,No
https://images.unsplash.com/photo-1605114705818-dd106b29a8d1?ixid=MXwxMjA3fDB8MHxzZWFyY2h8MTY3fHxwbGFudHN8ZW58MHwyfDB8&ixlib=rb-1.2.1&w=1000&q=80,No
https://images.unsplash.com/photo-1587132137056-bfbf0166836e?ixid=MXwxMjA3fDB8MHxzZWFyY2h8MTcwfHxwbGFudHN8ZW58MHwyfDB8&ixlib=rb-1.2.1&w=1000&q=80,No
https://images.unsplash.com/photo-1576530317422-a2ab6beaf849?ixid=MXwxMjA3fDB8MHxzZWFyY2h8MTczfHxwbGFudHN8ZW58MHwyfDB8&ixlib=rb-1.2.1&w=1000&q=80,No
https://images.unsplash.com/photo-1559776931-134fd0039e6a?ixid=MXwxMjA3fDB8MHxzZWFyY2h8MTc2fHxwbGFudHN8ZW58MHwyfDB8&ixlib=rb-1.2.1&w=1000&q=80,No
https://images.unsplash.com/photo-1561181652-000498ce0f52?ixid=MXwxMjA3fDB8MHxzZWFyY2h8MTc5fHxwbGFudHN8ZW58MHwyfDB8&ixlib=rb-1.2.1&w=1000&q=80,No
https://images.unsplash.com/photo-1566405382196-f4ab431ad25b?ixid=MXwxMjA3fDB8MHxzZWFyY2h8MTgyfHxwbGFudHN8ZW58MHwyfDB8&ixlib=rb-1.2.1&w=1000&q=80,No
